{
  "project_info": {
    "project_number": "153991277168",
    "firebase_url": "https://processmanager-90b94-default-rtdb.firebaseio.com",
    "project_id": "processmanager-90b94",
    "storage_bucket": "processmanager-90b94.appspot.com"
  },
  "client": [
    {
      "client_info": {
        "mobilesdk_app_id": "1:153991277168:android:e8ae4b0700629fa5e5a2b5",
        "android_client_info": {
          "package_name": "com.billcoreatech.dream314"
        }
      },
      "oauth_client": [
        {
          "client_id": "153991277168-svio55bijmpgbip9d84qqdgjk3nqtihl.apps.googleusercontent.com",
          "client_type": 1,
          "android_info": {
            "package_name": "com.billcoreatech.dream314",
            "certificate_hash": "9d4eafcdbd6442e1ae99af537937b91886701cba"
          }
        },
        {
          "client_id": "153991277168-qa2fmvv48beqmvff9rvjb2tehfgf3r4c.apps.googleusercontent.com",
          "client_type": 3
        }
      ],
      "api_key": [
        {
          "current_key": "AIzaSyBms_dFZ1uj6Jv3etaaGvIcXKos0z2k9hA"
        }
      ],
      "services": {
        "appinvite_service": {
          "other_platform_oauth_client": [
            {
              "client_id": "153991277168-qa2fmvv48beqmvff9rvjb2tehfgf3r4c.apps.googleusercontent.com",
              "client_type": 3
            }
          ]
        }
      }
    }
  ],
  "configuration_version": "1"
}