<resources>
    <string name="app_name">{'errorType': 'ResourceNotFound', 'message': "'/v0/translation/translate?query=ProcessManager&src_lang=en&target_lang=kr' is not matched"}</string>    <string name="action_settings">{'errorType': 'ResourceNotFound', 'message': "'/v0/translation/translate?query=Settings&src_lang=en&target_lang=kr' is not matched"}</string>    <!-- Strings used for fragments for navigation -->
    <string name="first_fragment_label" translatable="false">{'errorType': 'ResourceNotFound', 'message': "'/v0/translation/translate?query=First+Fragment&src_lang=en&target_lang=kr' is not matched"}</string>    <string name="second_fragment_label" translatable="false">{'errorType': 'ResourceNotFound', 'message': "'/v0/translation/translate?query=Second+Fragment&src_lang=en&target_lang=kr' is not matched"}</string>    <string name="next" translatable="false">{'errorType': 'ResourceNotFound', 'message': "'/v0/translation/translate?query=Next&src_lang=en&target_lang=kr' is not matched"}</string>    <string name="previous" translatable="false">{'errorType': 'ResourceNotFound', 'message': "'/v0/translation/translate?query=Previous&src_lang=en&target_lang=kr' is not matched"}</string>
    <string name="hello_first_fragment" translatable="false">{'errorType': 'ResourceNotFound', 'message': "'/v0/translation/translate?query=Hello+first+fragment&src_lang=en&target_lang=kr' is not matched"}</string>    <string name="hello_second_fragment" translatable="false">{'errorType': 'ResourceNotFound', 'message': "'/v0/translation/translate?query=Hello+second+fragment.+Arg%3A+%251%24s&src_lang=en&target_lang=kr' is not matched"}</string>    <string name="managerLogin">{'errorType': 'ResourceNotFound', 'message': "'/v0/translation/translate?query=Manager+Login&src_lang=en&target_lang=kr' is not matched"}</string>    <string name="memberJoin">{'errorType': 'ResourceNotFound', 'message': "'/v0/translation/translate?query=Member+Join&src_lang=en&target_lang=kr' is not matched"}</string>    <string name="signed_out">{'errorType': 'ResourceNotFound', 'message': "'/v0/translation/translate?query=Sign+Out&src_lang=en&target_lang=kr' is not matched"}</string>    <string name="google_title_text" translatable="false">{'errorType': 'ResourceNotFound', 'message': "'/v0/translation/translate?query=Google+Login&src_lang=en&target_lang=kr' is not matched"}</string>    <string name="desc_firebase_lockup" translatable="false">{'errorType': 'ResourceNotFound', 'message': "'/v0/translation/translate?query=firebase+Login&src_lang=en&target_lang=kr' is not matched"}</string>    <string name="sign_out">{'errorType': 'ResourceNotFound', 'message': "'/v0/translation/translate?query=Sign+Out&src_lang=en&target_lang=kr' is not matched"}</string>    <string name="disconnect">{'errorType': 'ResourceNotFound', 'message': "'/v0/translation/translate?query=Disconnect&src_lang=en&target_lang=kr' is not matched"}</string>    <string name="titleJoin">{'errorType': 'ResourceNotFound', 'message': "'/v0/translation/translate?query=Member+Join&src_lang=en&target_lang=kr' is not matched"}</string>    <string name="msgGoogleLogin">{'errorType': 'ResourceNotFound', 'message': "'/v0/translation/translate?query=Google+Account+Used+only+for+Login&src_lang=en&target_lang=kr' is not matched"}</string>    <string name="email">{'errorType': 'ResourceNotFound', 'message': "'/v0/translation/translate?query=Email&src_lang=en&target_lang=kr' is not matched"}</string>    <string name="user">{'errorType': 'ResourceNotFound', 'message': "'/v0/translation/translate?query=User+Name&src_lang=en&target_lang=kr' is not matched"}</string>    <string name="deptNm">{'errorType': 'ResourceNotFound', 'message': "'/v0/translation/translate?query=Dept&src_lang=en&target_lang=kr' is not matched"}</string>    <string name="save">{'errorType': 'ResourceNotFound', 'message': "'/v0/translation/translate?query=Save&src_lang=en&target_lang=kr' is not matched"}</string>    <string name="delete">{'errorType': 'ResourceNotFound', 'message': "'/v0/translation/translate?query=Delete&src_lang=en&target_lang=kr' is not matched"}</string>    <string name="cancel">{'errorType': 'ResourceNotFound', 'message': "'/v0/translation/translate?query=Cancel&src_lang=en&target_lang=kr' is not matched"}</string>    <string name="msgSaveCompleted">{'errorType': 'ResourceNotFound', 'message': "'/v0/translation/translate?query=Save+Completed&src_lang=en&target_lang=kr' is not matched"}</string>    <string name="OK">{'errorType': 'ResourceNotFound', 'message': "'/v0/translation/translate?query=OK&src_lang=en&target_lang=kr' is not matched"}</string>    <string name="msgDelete">{'errorType': 'ResourceNotFound', 'message': "'/v0/translation/translate?query=data+delete+OK+%3F&src_lang=en&target_lang=kr' is not matched"}</string>    <string name="msgListView">{'errorType': 'ResourceNotFound', 'message': "'/v0/translation/translate?query=ListView+is+List&src_lang=en&target_lang=kr' is not matched"}</string>    <string name="close">{'errorType': 'ResourceNotFound', 'message': "'/v0/translation/translate?query=Close&src_lang=en&target_lang=kr' is not matched"}</string>    <string name="titleManager">{'errorType': 'ResourceNotFound', 'message': "'/v0/translation/translate?query=Manager&src_lang=en&target_lang=kr' is not matched"}</string>    <string name="titleFInd">{'errorType': 'ResourceNotFound', 'message': "'/v0/translation/translate?query=FInd+Manger+Id&src_lang=en&target_lang=kr' is not matched"}</string>    <string name="findManager">{'errorType': 'ResourceNotFound', 'message': "'/v0/translation/translate?query=Find+Manager+OK+%21%21%21&src_lang=en&target_lang=kr' is not matched"}</string>    <string name="msgIsManager">{'errorType': 'ResourceNotFound', 'message': "'/v0/translation/translate?query=is+Manager&src_lang=en&target_lang=kr' is not matched"}</string>    <string name="msgNotManger">{'errorType': 'ResourceNotFound', 'message': "'/v0/translation/translate?query=You+have%5C%27t+Manager&src_lang=en&target_lang=kr' is not matched"}</string>    <string name="msgMasterNotDelete">{'errorType': 'ResourceNotFound', 'message': "'/v0/translation/translate?query=Master+is+Not+Delete+%21%21%21&src_lang=en&target_lang=kr' is not matched"}</string>    <string name="msgMasterIsOne">{'errorType': 'ResourceNotFound', 'message': "'/v0/translation/translate?query=Master+only+One+%21%21%21&src_lang=en&target_lang=kr' is not matched"}</string>    <string name="msgEnterName">{'errorType': 'ResourceNotFound', 'message': "'/v0/translation/translate?query=Enter+Name&src_lang=en&target_lang=kr' is not matched"}</string>    <string name="titleDeptCode">{'errorType': 'ResourceNotFound', 'message': "'/v0/translation/translate?query=Dept+Code&src_lang=en&target_lang=kr' is not matched"}</string>    <string name="deptCd">{'errorType': 'ResourceNotFound', 'message': "'/v0/translation/translate?query=Dept+Cd&src_lang=en&target_lang=kr' is not matched"}</string>    <string name="deptName">{'errorType': 'ResourceNotFound', 'message': "'/v0/translation/translate?query=Dept+Name&src_lang=en&target_lang=kr' is not matched"}</string>    <string name="append">{'errorType': 'ResourceNotFound', 'message': "'/v0/translation/translate?query=Append&src_lang=en&target_lang=kr' is not matched"}</string>    <string name="msgEnterDeptCd">{'errorType': 'ResourceNotFound', 'message': "'/v0/translation/translate?query=enter+Dept+Code&src_lang=en&target_lang=kr' is not matched"}</string>    <string name="msgEnterDeptNm">{'errorType': 'ResourceNotFound', 'message': "'/v0/translation/translate?query=enter+Dept+Name&src_lang=en&target_lang=kr' is not matched"}</string>    <string name="msgDeleteCompleted">{'errorType': 'ResourceNotFound', 'message': "'/v0/translation/translate?query=Delete+Completed&src_lang=en&target_lang=kr' is not matched"}</string>    <string name="bottom">{'errorType': 'ResourceNotFound', 'message': "'/v0/translation/translate?query=Bottom&src_lang=en&target_lang=kr' is not matched"}</string>    <string name="OutMetal">{'errorType': 'ResourceNotFound', 'message': "'/v0/translation/translate?query=Out+Metal&src_lang=en&target_lang=kr' is not matched"}</string>    <string name="paint">{'errorType': 'ResourceNotFound', 'message': "'/v0/translation/translate?query=Paint&src_lang=en&target_lang=kr' is not matched"}</string>    <string name="assembly">{'errorType': 'ResourceNotFound', 'message': "'/v0/translation/translate?query=Assembly&src_lang=en&target_lang=kr' is not matched"}</string>    <string name="workout">{'errorType': 'ResourceNotFound', 'message': "'/v0/translation/translate?query=Work+Out&src_lang=en&target_lang=kr' is not matched"}</string>    <string name="newrepair">{'errorType': 'ResourceNotFound', 'message': "'/v0/translation/translate?query=New+Repair&src_lang=en&target_lang=kr' is not matched"}</string>    <string name="repairManage">{'errorType': 'ResourceNotFound', 'message': "'/v0/translation/translate?query=Repari+Manage&src_lang=en&target_lang=kr' is not matched"}</string>    <string name="carty">{'errorType': 'ResourceNotFound', 'message': "'/v0/translation/translate?query=Car+Type&src_lang=en&target_lang=kr' is not matched"}</string>    <string name="carid">{'errorType': 'ResourceNotFound', 'message': "'/v0/translation/translate?query=Car+Id&src_lang=en&target_lang=kr' is not matched"}</string>    <string name="ipgoDt">{'errorType': 'ResourceNotFound', 'message': "'/v0/translation/translate?query=Ipgo+Date&src_lang=en&target_lang=kr' is not matched"}</string>    <string name="chlgoDt">{'errorType': 'ResourceNotFound', 'message': "'/v0/translation/translate?query=Chlgo+Date&src_lang=en&target_lang=kr' is not matched"}</string>    <string name="modifyrepair">{'errorType': 'ResourceNotFound', 'message': "'/v0/translation/translate?query=Modify&src_lang=en&target_lang=kr' is not matched"}</string>    <string name="RepairProcess">{'errorType': 'ResourceNotFound', 'message': "'/v0/translation/translate?query=Repair+Process&src_lang=en&target_lang=kr' is not matched"}</string>    <string name="startDt">{'errorType': 'ResourceNotFound', 'message': "'/v0/translation/translate?query=StartDt&src_lang=en&target_lang=kr' is not matched"}</string>    <string name="endDt">{'errorType': 'ResourceNotFound', 'message': "'/v0/translation/translate?query=EndDt&src_lang=en&target_lang=kr' is not matched"}</string>    <string name="workStatus">{'errorType': 'ResourceNotFound', 'message': "'/v0/translation/translate?query=WorkStatus&src_lang=en&target_lang=kr' is not matched"}</string>    <string name="repairStart">{'errorType': 'ResourceNotFound', 'message': "'/v0/translation/translate?query=work+Start&src_lang=en&target_lang=kr' is not matched"}</string>    <string name="repairProcess">{'errorType': 'ResourceNotFound', 'message': "'/v0/translation/translate?query=repairProcess&src_lang=en&target_lang=kr' is not matched"}</string>    <string name="repairWork">{'errorType': 'ResourceNotFound', 'message': "'/v0/translation/translate?query=Repair+Work&src_lang=en&target_lang=kr' is not matched"}</string>    <string name="msgWorkProcess">{'errorType': 'ResourceNotFound', 'message': "'/v0/translation/translate?query=Repair+Next+Step+%3F&src_lang=en&target_lang=kr' is not matched"}</string>    <string name="nextStep">{'errorType': 'ResourceNotFound', 'message': "'/v0/translation/translate?query=Next+Step&src_lang=en&target_lang=kr' is not matched"}</string>    <string name="repairCompleted">{'errorType': 'ResourceNotFound', 'message': "'/v0/translation/translate?query=Repair+Completed&src_lang=en&target_lang=kr' is not matched"}</string>    <string name="msgWorkReay">{'errorType': 'ResourceNotFound', 'message': "'/v0/translation/translate?query=Work+Ready&src_lang=en&target_lang=kr' is not matched"}</string>    <string name="msgWorkOut">{'errorType': 'ResourceNotFound', 'message': "'/v0/translation/translate?query=Work+Out&src_lang=en&target_lang=kr' is not matched"}</string>    <string name="msgWorkStart">{'errorType': 'ResourceNotFound', 'message': "'/v0/translation/translate?query=Work+Start&src_lang=en&target_lang=kr' is not matched"}</string>    <string name="confirm">{'errorType': 'ResourceNotFound', 'message': "'/v0/translation/translate?query=Confirm&src_lang=en&target_lang=kr' is not matched"}</string>    <string name="msgUncheckCompleted">{'errorType': 'ResourceNotFound', 'message': "'/v0/translation/translate?query=UnCheck+Completed&src_lang=en&target_lang=kr' is not matched"}</string>    <string name="ok">{'errorType': 'ResourceNotFound', 'message': "'/v0/translation/translate?query=OK&src_lang=en&target_lang=kr' is not matched"}</string>    <string name="msgWorkCompleted">{'errorType': 'ResourceNotFound', 'message': "'/v0/translation/translate?query=Work+Completed&src_lang=en&target_lang=kr' is not matched"}</string>    <string name="workJob">{'errorType': 'ResourceNotFound', 'message': "'/v0/translation/translate?query=Working&src_lang=en&target_lang=kr' is not matched"}</string>    <string name="WorkCompleted">{'errorType': 'ResourceNotFound', 'message': "'/v0/translation/translate?query=Work+Completed&src_lang=en&target_lang=kr' is not matched"}</string>    <string name="repairdashboard">{'errorType': 'ResourceNotFound', 'message': "'/v0/translation/translate?query=Repair+Dashboard&src_lang=en&target_lang=kr' is not matched"}</string>    <string name="userConfirm">{'errorType': 'ResourceNotFound', 'message': "'/v0/translation/translate?query=User+Confirm&src_lang=en&target_lang=kr' is not matched"}</string>    <string name="msgUserConfirm">{'errorType': 'ResourceNotFound', 'message': "'/v0/translation/translate?query=User+Confirm&src_lang=en&target_lang=kr' is not matched"}</string>    <string name="msgLoginAgain">{'errorType': 'ResourceNotFound', 'message': "'/v0/translation/translate?query=Google+Login+Again+Please+%21&src_lang=en&target_lang=kr' is not matched"}</string>    <string name="repairInit">{'errorType': 'ResourceNotFound', 'message': "'/v0/translation/translate?query=Repair+Init&src_lang=en&target_lang=kr' is not matched"}</string>    <string name="msgRepairInit">{'errorType': 'ResourceNotFound', 'message': "'/v0/translation/translate?query=init+for+Repair+%3F&src_lang=en&target_lang=kr' is not matched"}</string>    <string name="find">{'errorType': 'ResourceNotFound', 'message': "'/v0/translation/translate?query=Find&src_lang=en&target_lang=kr' is not matched"}</string>    <string name="msgFindCarId">{'errorType': 'ResourceNotFound', 'message': "'/v0/translation/translate?query=enter+Find+CarID&src_lang=en&target_lang=kr' is not matched"}</string>    <string name="msgFindCompleted">{'errorType': 'ResourceNotFound', 'message': "'/v0/translation/translate?query=Find+Completed&src_lang=en&target_lang=kr' is not matched"}</string>    <string name="working">{'errorType': 'ResourceNotFound', 'message': "'/v0/translation/translate?query=working&src_lang=en&target_lang=kr' is not matched"}</string>    <string name="msgOthersUserJob">{'errorType': 'ResourceNotFound', 'message': "'/v0/translation/translate?query=Others+User+Job&src_lang=en&target_lang=kr' is not matched"}</string>    <string name="jobUserName">{'errorType': 'ResourceNotFound', 'message': "'/v0/translation/translate?query=JobUser&src_lang=en&target_lang=kr' is not matched"}</string>    <string name="workDept">{'errorType': 'ResourceNotFound', 'message': "'/v0/translation/translate?query=Work+Dept&src_lang=en&target_lang=kr' is not matched"}</string>    <string name="appCode">{'errorType': 'ResourceNotFound', 'message': "'/v0/translation/translate?query=Manager+Email&src_lang=en&target_lang=kr' is not matched"}</string>    <string name="msgEnterAppCode">{'errorType': 'ResourceNotFound', 'message': "'/v0/translation/translate?query=Enter+Manger+Email+Address&src_lang=en&target_lang=kr' is not matched"}</string>    <string name="msgExistUser">{'errorType': 'ResourceNotFound', 'message': "'/v0/translation/translate?query=User+Exist+%21&src_lang=en&target_lang=kr' is not matched"}</string>    <string name="msgEnterEmail">{'errorType': 'ResourceNotFound', 'message': "'/v0/translation/translate?query=Enter+Email&src_lang=en&target_lang=kr' is not matched"}</string>    <string name="msgNotInfo">{'errorType': 'ResourceNotFound', 'message': "'/v0/translation/translate?query=%22Have+no+Information+%22&src_lang=en&target_lang=kr' is not matched"}</string>    <string name="billing">{'errorType': 'ResourceNotFound', 'message': "'/v0/translation/translate?query=Subscribe&src_lang=en&target_lang=kr' is not matched"}</string>    <string name="officename">{'errorType': 'ResourceNotFound', 'message': "'/v0/translation/translate?query=Offcice+Name&src_lang=en&target_lang=kr' is not matched"}</string></resources>